ID,NAME,CATEGORY,CHECK-IN,LAT,LONG
4bb78b8f3db7b7139222209a,Kingdom Centre | ªÄ¿±ªÛ¿_ ¿_ªÜªÄªÄªÜªÛ¿©,Coffee Shop,93420,24.71163255,46.67477131
4c892e4897828cfa5630a2aa,Centria | ¿_ªæ¿é¿±ª_¿_,Coffee Shop,73327,24.69712918,46.68392301
4eaac9cecc217eb08e78c735,Panorama Mall | ¿å¿_ªæª_¿±¿_ªÄ¿_ ªÄª_ªÜ,Mall,61518,24.69228232,46.67018274
4bcc31a7b6c49c74e64b9391,Tao | ¿é¿_ª_,Restaurant,46252,24.69986628,46.69135879
50ae0262e4b042e77fd721ab,Granada Center | ªÄ¿±ªÛ¿_ ¿_¿±ªæ¿_¿à¿©,Restaurant,43501,24.78086629,46.7307682
4d6174ab73e76a311d0ce196,Riyadh Gallery | ¿_ªÜ¿±ª_¿_¿_ ¿Œ¿_ªÜª_¿±ª_,Shop,42949,24.74361948,46.65829696
4b838dfcf964a520950931e3,Tutti Caf’å | ¿£ªæª_¿_¿_ ¿_ªÜªäªöª_¿©,Restaurant,35804,24.69309847,46.67364387
5193a1ad498eb76c92f3fb9d,Hayat Mall | ¿_ª_¿_¿© ªÄª_ªÜ,Trail,33564,24.74293381,46.67992115
4cc3237ab2beb1f7d99e144c,King Abdullah Road Walking Area | ªÄªÄ¿‚ª_ ¿à¿±ª_ªä ¿_ªÜªÄªÜªÛ ¿_¿å¿À¿_ªÜªÜªö,Mobile Phone Shop,32294,24.74108246,46.69710875
4f41391be4b0f7b459efed08,Al-Faisaliyah Mall | ªÄ¿ŒªÄ¿_ ¿_ªÜªª_¿µªÜª_¿©,Shoe Store,31693,24.68958374,46.68597668
5540d43b498eccfc106a61f6,Starbucks | ¿_¿é¿_¿±¿åªÛ¿_,Resraurant,30838,24.676143,46.67635
4ea674069a524accd190a45d,King Fahad Rd | ¿à¿±ª_ªä ¿_ªÜªÄªÜªÛ ªªö¿À,Road,29022,24.69977979,46.67742592
4e7b3595dab41c8304c23e3e,Burger Boutique | ¿å¿±¿Œ¿± ¿åª_¿éª_ªÛ,Bowling Alley,29011,24.70298828,46.67886431
4cab502436fa6dcbd0e5d778,Lusin | ªÜª_¿_ª_ªæ,Dessert Shop,28035,24.69787485,46.6836977
502d7916e4b0648636b82c30,Starbucks | ¿_¿é¿_¿±¿åªÛ¿_,Restaurant,27385,24.73056174,46.67179067
4b8f57b6f964a520025233e3,IKEA | ¿_ª_ªÛª_¿_,Coffee Shop,25438,24.65957518,46.78713062
4f0c62ade4b0065899e607da,Coffee Shop Bateel | ªÛ¿_ªª_ªö ¿å¿éª_ªÜ,Bakery,25435,24.6997348,46.69093895
4bc223d074a9a59359d2d2f6,Al-Faisaliah Tower | ¿å¿±¿Œ ¿_ªÜªª_¿µªÜª_¿©,Electronics Store,24356,24.6902647,46.68509937
4f1a96f2e4b08fa663deae89,Paul | ª_ª_ªÜ,Restaurant,22056,24.69743315,46.68658986
4b914064f964a5204fad33e3,Piatto | ¿åª_¿_¿éª_,Restaurant,20945,24.77176259,46.67416513
4b897856f964a520503932e3,Aldiriyah | ¿_ªÜ¿À¿±¿_ª_¿©,Restaurant,19759,24.74235724,46.57704882
4e7b3595dab41c8304c23e3e,Fuddruckers | ª¿À¿±ªÛ¿±¿_,Bowling Alley,19666,24.68906468,46.67383721
52efd23b11d2203926fb13d2,Al Nakheel Mall | ¿_ªÜªæ¿Âª_ªÜ ªÄª_ªÜ,Coffee Shop,17919,24.76793345,46.71485158
5193a1ad498eb76c92f3fb9d,Al-Orouba Road | ¿à¿±ª_ªä ¿_ªÜ¿_¿±ª_¿åªö,Trail,17828,24.72174972,46.69672261
4b914064f964a5204fad33e3,Starbucks | ¿_¿é¿_¿±¿åªÛ¿_,Restaurant,17371,24.77239179,46.67309686
50b10a19e4b004e6d2ec4344,Al-Mayas Beirut | ¿_ªÜªÄª_¿_¿_ ¿åª_¿±ª_¿é,Restaurant,16954,24.68699332,46.68148181
4c892e4897828cfa5630a2aa,Starbucks | ¿_¿é¿_¿±¿åªÛ¿_,Coffee Shop,16858,24.71490971,46.67785585
4e7b3595dab41c8304c23e3e,Localizer Mall | ªÜª_ªÛ¿_ªÜ¿_ª_¿_¿±,Bowling Alley,16350,24.69916418,46.69169372
4ba6f421f964a5209f7939e3,Eastern Ring Road | ¿_ªÜ¿à¿±ª_ªä ¿_ªÜ¿À¿_¿_¿±ª_ ¿_ªÜ¿‚¿±ªäª_,Road,16157,24.74210574,46.74820109
4bc223d074a9a59359d2d2f6,Smash Burger | ¿_ªÄ¿_¿‚ ¿å¿±¿Œ¿±,Electronics Store,15590,24.68950298,46.6867974
4c4c19985609c9b6dbac0992,Len’‚tre | ªÜª_ªæª_¿é¿±,Restaurant,15579,24.69726272,46.68353817
4b781727f964a52058b52ee3,Johnny Rockets | ¿Œª_ªæª_ ¿±ª_ªÛª_¿é¿_,Resraurant,15489,24.69798213,46.6867125
4f561bcae4b0d0433013e4ee,BurgerFuel | ¿å¿±¿_¿± ªª_ª_ªÜ,Cupcake Shop,15362,24.6976738,46.70421028
51e84d06498ea35b580546b1,Hitteen Plaza | ¿_¿àª_ªæ ¿åªÜ¿_¿_¿_,Juice Bar,15331,24.75352339,46.61017928
4c4c19985609c9b6dbac0992,Ladur’©e | ªÜ¿_¿Àª_¿±ª_ªö,Restaurant,15097,24.6979379,46.68359949
4cc3237ab2beb1f7d99e144c,Sahara Mall ¿µ¿_¿_¿±ª_ ªÄª_ªÜ,Mobile Phone Shop,14649,24.73872439,46.6831398
4e88b75429c2ea60eefec400,Al Thumamah | ¿_ªÜ¿âªÄ¿_ªÄ¿©,Coffee Shop,14452,24.85408635,46.77610065
4c192a06d4d9c928c28df029,Cioccolat Italiani | ¿‚ª_ªÛªÜª_¿é ¿_ª_¿é¿_ªÜª_¿_ªæª_,Restaurant,14053,24.6971783,46.68565594
4c892e4897828cfa5630a2aa,Kingdom Tower | ¿å¿±¿Œ ¿_ªÜªÄªÄªÜªÛ¿©,Coffee Shop,13695,24.71208307,46.67446911
4b72bbd3f964a52006862de3,Tokyo Restaurant | ªÄ¿à¿_ªÄ ¿àª_ªÛª_ª_,Dessert Shop,13567,24.72051966,46.6908682
4e7c9e0a88777c30772abe29,Starbucks | ¿_¿é¿_¿±¿åªÛ¿_,Restaurant,13386,24.767025,46.75593734
4e973ca4722eef174f72d523,Tutti Cafe | ¿éª_¿éª_ ªÛ¿_ªª_ªö,Coffee Shop,13086,24.74540173,46.62024472
4ea9bbd302d52c460a8980d5,Tutti Cafe | ¿£ªæª_¿_¿_ ¿_ªÜªäªöª_¿©,Resraurant,12950,24.79534398,46.6558928
4b8f57b6f964a520025233e3,Jarir Bookstore | ªÄªÛ¿é¿å¿© ¿Œ¿±ª_¿±,Coffee Shop,12935,24.7724354,46.67296011
4b78de8df964a52018e52ee3,Tamimi Markets | ¿£¿_ª_¿_ªä ¿_ªÜ¿éªÄª_ªÄª_,Coffee Shop,12545,24.71363798,46.63377527
4f252b1be4b006e5c2e68f30,Wayne's Coffee | ª_¿_ª_ªæ¿_ ªÛª_ªª_,Coffee Shop,12445,24.71517842,46.65994222
51e84d06498ea35b580546b1,Karem Cafe | ªÄªäªöª_ ªÛ¿±ª_ªÄ,Juice Bar,12345,24.67567677,46.66904637
4b8d3a23f964a52088ee32e3,Marble Slab Creamery | ªÄ¿_¿±¿åªÜ ¿_ªÜ¿_¿å ¿¢ª_¿_ªÛ¿±ª_ªÄ,Japanese Restaurant,12146,24.73555056,46.64830868
4bcc31a7b6c49c74e64b9391,Chili's | ¿é¿‚ª_ªÜª_¿_,Restaurant,11681,24.70348436,46.70134664
4e844af9d3e35a80a8e7ac53,Fitness Time | ª_ªä¿é ¿_ªÜªÜª_¿_ªä¿©,Gym,11541,24.74318065,46.62107378
4b65bb89f964a52059fc2ae3,Diamond | ¿À¿_ª_ªÄª_ªæ¿À,Coffee Shop,11499,24.69955758,46.69224093
531e16bd498efd001f4e1e60,Johnny Rocket's | ¿Œª_ªæª_ ¿±ª_ªÛª_¿é¿_,Restaurant,11366,24.77996503,46.66308676
4fae7373e4b08a2bb957d118,Java Time | ¿Œ¿_÷_¿_ ¿é¿_ª_ªÄ,Donut Shop,11284,24.75814919,46.7338747
52c43f83498e0450ea105486,Al Masaa | ¿_ªÜªÄ¿_¿_¿,Mall,10989,24.71295595,46.67318646
5257253411d294223f9f3688,Century Burger | ¿_ªæ¿‚¿±ª_ ¿å¿±¿Œ¿±,Resraurant,10963,24.69841583,46.68914258
4b65bb89f964a52059fc2ae3,Outback Restaurant | ¿£ª_¿é¿å¿_ªÛ ¿_¿éª_ªÛ ªö¿_ª_¿_,Coffee Shop,10889,24.699396,46.691686
4b914064f964a5204fad33e3,Steak House | ¿_¿éª_ªÛ ªö¿_ª_¿_,Restaurant,10758,24.77198115,46.6746483
4e91596e49013919db2fba98,Yummy Wok | ª_ªÄª_ ª_ª_ªÛ,Pet Store,10667,24.67608847,46.67538867
5049e167e4b0568d3c3d5d5d,InterContinental | ¿Çªæ¿é¿±ªÛª_ªæ¿éª_ªæª_ªæ¿é¿_ªÜ,Golf Course,10485,24.66698639,46.69142246
4d2146a4d7b0b1f77cf71b9f,Wayne's Coffee | ª_¿_ª_ªæ¿_ ªÛª_ªª_,Donut Shop,10480,24.67566508,46.67582252
4c4c19985609c9b6dbac0992,The Restaurant,Restaurant,10224,24.69740567,46.68330234
5193a1ad498eb76c92f3fb9d,Tamimi Markets | ¿£¿_ª_¿_ªä ¿_ªÜ¿éªÄª_ªÄª_,Trail,10064,24.69737751,46.70215778
4f4bd898e4b0927adc54c536,Takhassusi St | ¿‚¿_¿±¿_ ¿_ªÜ¿é¿Â¿µ¿µª_,Road,10052,24.72258694,46.65528774
4ea2f07e722ec75ade815508,Fuddruckers | ª¿À¿±ªÛ¿±¿_,Supermarket,10004,24.76764867,46.75704262
4fae7373e4b08a2bb957d118,Dunkin' Donuts | ¿À¿_ªæªÛªæ ¿Àª_ªæ¿é¿_,Donut Shop,9997,24.75355424,46.72396101
4b897856f964a520503932e3,¿Œ¿_÷_¿_ ¿é¿_ª_ªÄ | Java Time,Restaurant,9863,24.68073287,46.67687416
4d4c01cfe4fd6ea8f7e8be61,Joe's Cafe | ¿Œª_¿_ ªÛ¿_ªª_ªö,Coffee Shop,9826,24.69147424,46.67071085
4d04b06554d0236a6594f0d5,Starbucks | ¿_¿é¿_¿±¿åªÛ¿_,Coffee Shop,9774,24.70454573,46.67927461
53944553498ecef1831affe3,Tamimi Markets | ¿£¿_ª_¿_ªä ¿_ªÜ¿éªÄª_ªÄª_,Tea Room,9745,24.69048474,46.68236377
51120d23e4b0fe8b7a8d994b,¿_ªÜ¿_¿_¿ç¿±ª_¿© | Alatheriya,Campground,9723,25.1047004,46.63796426
4ff8433ee4b002d4d3d4992c,Tamimi Markets | ¿£¿_ª_¿_ªä ¿_ªÜ¿éªÄª_ªÄª_,Grocery Store,9579,24.81884365,46.68668891
4b713499f964a5207c3c2de3,Pizza Roma | ¿åª_¿é¿_¿_ ¿±ª_ªÄ¿_,Pizza Place,9573,24.70089302,46.69216073
4f817c97e4b0c7b85619c02f,White Garden Cafe | ª_¿_ª_¿é ªä¿_¿±¿Àªæ ªÛ¿_ªª_ªö,Turkish Restaurant,9566,24.69432188,46.683864
4bbf8fdb74a9a593c6aacef6,Dunkin' Donuts | ¿À¿_ªæªÛªæ ¿Àª_ªæ¿é¿_,Supermarket,9520,24.74541737,46.62025414
51b22ffa498eec8aca67b1d4,Boardwalk Burgers & Fries | ¿åª_¿±¿Àª_ªÛ ¿å¿±¿Œ¿±,Shop,9432,24.7171554,46.65892394
4d6174ab73e76a311d0ce196,Al Qarawi Galleria | ¿_ªÜªä¿±¿_¿_ª_ª_ ªä¿_ªÜª_¿±ª_¿_,Shop,9343,24.71215916,46.67133328
4ea56ab7b80355a982f8cfa3,Java Time | ¿Œ¿_ª¿_ ¿é¿_ª_ªÄ,Restaurant,9227,24.72574443,46.65949345
4c4c53dbc668e21ee8525afb,Jarir Bookstore | ªÄªÛ¿é¿å¿© ¿Œ¿±ª_¿±,Coffee Shop,8997,24.70163682,46.68061401
50ffb51fe4b0a49395f7f300,¿£¿_ª_¿_ªä ¿_ªÜ¿éªÄª_ªÄª_ | Tamimi Market,Coffee Shop,8883,24.82011004,46.64234211
51929f90498e72002b46a05a,Burgeronomy | ¿å¿±¿Œ¿±ª_ªæª_ªÄª_,Resraurant,8878,24.80613598,46.69305325
51081ee0e4b093dcac39e0ec,Starbucks | ¿_¿é¿_¿±¿åªÛ¿_,Restaurant,8425,24.8058146,46.69315138
50583de6e4b02ba603de9f2e,Mama Noura | ªÄ¿_ªÄ¿_ ªæª_¿±¿©,Coffee Shop,8382,24.72438984,46.65726185
5193a1ad498eb76c92f3fb9d,King Abdualaziz Rd,Trail,8244,24.7452479,46.68244395
4b838dfcf964a520950931e3,Mirage | ªÄª_¿±¿_¿Œ,Restaurant,8226,24.70885767,46.66302076
4db96e3c6e818f67a9be43d6,Fat Burger | ª¿_¿é ¿å¿±¿Œ¿±,Candy Store,7982,24.68961797,46.67332792
4c601b8490b2c9b6d7013c22,Jarir Bookstore | ªÄªÛ¿é¿å¿© ¿Œ¿±ª_¿±,Restaurant,7968,24.69391192,46.67052696
4f78ad95e4b00562b70989fa,Danube | ¿_ªÜ¿À¿_ªæª_¿å,Bakery,7903,24.74270811,46.67965662
5392bba3498ee0e5e0b5258f,Tim Hortons | ¿éª_ªÄ ªöª_¿±¿éªæ¿_,Coffee Shop,7865,24.78306694,46.72963518
4f0c62ade4b0065899e607da,Munch Bakery | ªÄªæ¿‚ ¿åª_ªÛ¿±ª_,Bakery,7763,24.701632,46.691744
4b914064f964a5204fad33e3,Tamimi Markets | ¿_¿_ª_¿_ªä ¿_ªÜ¿éªÄª_ªÄª_,Restaurant,7731,24.79083891,46.64874701
4b8f57b6f964a520025233e3,Saco World | ¿_¿_ªÜªÄ ¿_¿_ªÛª_,Coffee Shop,7673,24.76928652,46.66440215
4fd073eae4b03518ead765e2,Tamimi Markets ¿£¿_ª_¿_ªä ¿_ªÜ¿éªÄª_ªÄª_,Food Court,7569,24.736669,46.68378815
4c8fbb1e0b9e3704ddce615e,Fitness Time | ª_ªä¿é ¿_ªÜªÜª_¿_ªä¿©,Resraurant,7514,24.77029092,46.62038132
4cb86ba69552b60cd855cc8b,Starbucks | ¿_¿é¿_¿±¿åªÛ¿_,Coffee Shop,7475,24.69120258,46.68621898
4b82e734f964a52022ec30e3,Harvey Nichols | ªö¿_¿±÷_ª_ ªæª_ªÛªÜ¿_,Restaurant,7449,24.68913547,46.68448149
4dbd47e20cb691071cb6454a,T.G.I. Friday's | ª¿±¿_ª_¿Àª_¿_,Coffee Shop,7386,24.70482438,46.66470861
4ea56ab7b80355a982f8cfa3,Al-Masaa | ¿_ªÜªÄ¿_¿_¿,Restaurant,7365,24.72776919,46.66328949
4e8db67782319c780c61818b,Dunkin' Donuts ¿À¿_ªæªÛªæ ¿Àª_ªæ¿é¿_,Coffee Shop,7342,24.73049903,46.67160206
5298688b498ecb8271e30ab9,GODIVA | ¿Œª_¿À¿_ª_÷_¿_,Resraurant,7304,24.71875583,46.65805654
4b838dfcf964a520950931e3,Dunkin' Donuts | ¿À¿_ªæªÛªæ ¿Àª_ªæ¿é¿_,Restaurant,7168,24.708113,46.661667
50ae0262e4b042e77fd721ab,Alwan Hookah Bar | ªÄªäªöª_ ª_ªÄªæ¿é¿_ªö ¿_ªÜª_¿_ªæ,Restaurant,7024,24.82710995,46.79398416
5298688b498ecb8271e30ab9,Caff’© Bene | ªÛ¿_ªª_ªö ¿åª_ªæª_,Resraurant,6860,24.71736769,46.65875423
4b72bbd3f964a52006862de3,Java Time | ¿Œ¿_÷_¿_ ¿é¿_ª_ªÄ,Dessert Shop,6804,24.7269577,46.69074118
4e99dbdfbe7bc875aa42960b,Starbucks | ¿_¿é¿_¿±¿åªÛ¿_,Chocolate Shop,6787,24.69325032,46.69545355
4f08a3e6e4b0540ca2543782,dr.CAFE COFFEE | ¿À. ªÛª_ª,Restaurant,6622,24.68574201,46.70634779
531e16bd498efd001f4e1e60,Gloria Jean's Coffee | ¿_ªÜª_¿±ª_¿_ ¿Œª_ªæ¿_ ªÛª_ªª_,Restaurant,6583,24.7815184,46.66243615
4c192a06d4d9c928c28df029,Dairy Queen | ¿Àª_¿±ª_ ªÛª_ª_ªæ,Restaurant,6546,24.70055741,46.69236829
536b5ae7498e047e33524612,Nino | ªæª_ªæª_,Restaurant,6540,24.79813839,46.65468605
4e7c9e0a88777c30772abe29,Jarir Bookstore | ªÄªÛ¿é¿å¿© ¿Œ¿±ª_¿±,Restaurant,6521,24.76707678,46.75623536
4da5ec8a4b2280544b678da0,Lulu Hypermarket | ªÜª_ªÜª_ ªö¿_ª_¿å¿±ªÄ¿_¿±ªÛ¿é,Department Store,6453,24.66398904,46.7037573
51e06a2b498ed38b41183bea,Lulu Hypermarket | ªÜª_ªÜª_ ªö¿_ª_¿å¿±ªÄ¿_¿±ªÛ¿é,Coffee Shop,6453,24.66398904,46.7037573
560a6995498e3c55b65fd97f,Starbucks I ¿_¿é¿_¿±¿åªÛ¿_,Bakery,6413,24.8085693,46.61726302
51e84d06498ea35b580546b1,AlSunbulah | ¿_ªÜ¿_ªæ¿åªÜ¿©,Juice Bar,6288,24.70065887,46.67416259
4be80229ee96c9280e86fdbf,L'Entrec’‚te Cafe de Paris,Restaurant,6132,24.69025499,46.68490127
4c601b8490b2c9b6d7013c22,Danube | ¿_ªÜ¿À¿_ªæª_¿å,Restaurant,6065,24.6924586,46.66917368
51756c70e4b0182f6ca786f4,Elevation Burger | ¿_ªÜª_ªª_¿‚ªæ ¿å¿±ªä¿±,Road,6058,24.79857591,46.65438116
4d04b06554d0236a6594f0d5,Shawarma House | ¿åª_¿é ¿_ªÜ¿‚¿_ª_¿±ªÄ¿_,Coffee Shop,5928,24.70843854,46.68735399
4cc3237ab2beb1f7d99e144c,Jarir Bookstore | ªÄªÛ¿é¿å¿© ¿Œ¿±ª_¿±,Mobile Phone Shop,5780,24.74491545,46.67949155
4f08a3e6e4b0540ca2543782,Mama Noura | ªÄ¿_ªÄ¿_ ªæª_¿±¿©,Restaurant,5774,24.69164565,46.7016718
5380ed0c498eaf0c7902f1d3,Wayne's Coffee | ª_¿_ª_ªæ¿_ ªÛª_ªª_,Restaurant,5769,24.75347319,46.6096989
4e5bcac318388cd5cbc1a9c5,The Grill Restaurant & Terrace at Four Seasons Hotel Riyadh at Kingdom Centre,Restaurant,5760,24.71182915,46.67315816
4f6f2e3be4b0e3b3be8a7752,Wooden Bakery | ª_ª_¿Àªæ ¿åª_ªÛ¿±ª_,Dessert Shop,5740,24.69406832,46.72288478
4f1eb45ee4b0293a86501bdc,Dunkin' Donuts,Plaza,5682,24.71336318,46.63372815
4e6a5492a809290267f633c6,Sushi Yoshi,Restaurant,5677,24.78107982,46.66273788
5187a8c1498ea7ade1f0fea5,Longhorn Restaurant ªÜª_ªæ¿Œ ªöª_¿±ªæ ¿_¿éª_ªÛ ªö¿_ª_¿_,Restaurant,5634,24.80097168,46.74074463
4bea77e6a9900f47f3841640,Euromarche | ª_ª_¿±ª_ªÄ¿_¿±¿‚ª_ªö,Resraurant,5575,24.70615723,46.66386939
4c01291ccf3aa5935b88ccb0,Tamimi Markets ¿_¿_ª_¿_ªä ¿_ªÜ¿éªÄª_ªÄª_,Restaurant,5535,24.72776167,46.68953955
512643bce4b0f48095f51257,Danube | ¿_ªÜ¿À¿_ªæª_¿å,Gym,5404,24.75346224,46.60987315
4d4c01cfe4fd6ea8f7e8be61,Piatto ¿åª_¿_¿éª_,Coffee Shop,5372,24.692233,46.670081
4f252b1be4b006e5c2e68f30,Sultan Coffee | ¿_ªÜ¿à¿_ªæ ¿_ªÜªäªöª_¿©,Coffee Shop,5341,24.7212811,46.65611435
51e84d06498ea35b580546b1,Lula Restaurant ªÄ¿à¿_ªÄ ¿_ªÜªÜ¿_ªÜ¿_ªö,Juice Bar,5323,24.68300483,46.67657706
4d2146a4d7b0b1f77cf71b9f,Dunkin' Donuts | ¿À¿_ªæªÛªæ ¿Àª_ªæ¿é¿_,Donut Shop,5306,24.67609531,46.67559145
504c55e7e4b04421f3310d34,Bab Al Yemen Rest. | ªÄ¿à¿_¿_ªÄ ¿å¿_¿å ¿_ªÜª_ªÄªæ,Restaurant,5286,24.69416863,46.67872282
4bb78b8f3db7b7139222209a,Java Time | ¿Œ¿_ª¿_ ¿é¿_ª_ªÄ,Coffee Shop,5198,24.71270464,46.69972658
4c798fc193ef236aa517b00f,Sugar Sprinkles | ¿±¿‚¿_¿é ¿_ªÜ¿_ªÛ¿±,Dessert Shop,5187,24.7355176,46.64836995
53bc7155498e75461da91ef5,AlBujairi Square | ¿_¿_¿_¿© ¿_ªÜ¿å¿Œª_¿±ª_,Coffee Shop,5049,24.73701887,46.574738
4ea674069a524accd190a45d,Orouba & Olaya Intersection | ¿éªä¿_¿à¿_ ¿_ªÜ¿_¿±ª_¿å¿© ª_¿_ªÜ¿_ªÜª_¿_,Road,4983,24.71350258,46.67506328
4cf925a14464b60ca97964f8,Dunkin' Donuts | ¿À¿_ªæªÛªæ ¿Àª_ªæ¿é¿_,Coffee Shop,4969,24.78023325,46.66345922
50ae0262e4b042e77fd721ab,Chili's | ¿é¿‚ª_ªÜª_¿_,Restaurant,4947,24.76747899,46.75680645
53944553498ecef1831affe3,Azizia Plaza | ªÄ¿ŒªÄ¿_ ¿_ªÜ¿_¿_ª_¿_ª_¿©,Tea Room,4875,24.67625308,46.67637899
512643bce4b0f48095f51257,Fire Grill | ª¿_ª_¿± ¿Œ¿±ª_ªÜ,Gym,4842,24.75332473,46.61040534
4f561bcae4b0d0433013e4ee,Lilou Artisan Patisserie,Cupcake Shop,4841,24.69482679,46.70219553
5392bba3498ee0e5e0b5258f,Carrefour | ªÛ¿_¿±ªª_¿±,Coffee Shop,4735,24.78197686,46.7316888
4eb81e4661af0dda917c47ae,PappaRoti Cafe | ¿å¿_¿å¿_¿±ª_¿éª_ ªÛ¿_ªª_ªö,Coffee Shop,4699,24.69215132,46.67296483
5187a8c1498ea7ade1f0fea5,Red Lobster | ¿±ª_¿À ªÜª_¿å¿_¿é¿±,Restaurant,4672,24.80088596,46.74035743
4d8b488cbc848cfacb8bec2b,Mondial Courts ªÄªÜ¿_¿_¿å ¿_ªÜªÄª_ªæ¿Àª_¿_ªÜ,Soccer Field,4660,24.74665238,46.52372491
508ed42fe4b0c36e94d12fde,McDonald's ªÄ¿_ªÛ¿Àª_ªæ¿_ªÜ¿À¿_,Pet Store,4571,24.67677613,46.67784093
4bc2c6b374a9a593fbbcd3f6,Food Court | ¿±¿Àªö¿© ¿_ªÜªÄ¿à¿_¿_ªÄ,Coffee Shop,4532,24.6901228,46.6868257
4faa3bfbe4b0dc75ba1f75f0,Spazio ¿_¿å¿_¿_ª_ª_,Resraurant,4526,24.71314511,46.67466716
4cd190ef7b685481edc9c7f8,Assaraya Turkish Restaurant | ªÄ¿à¿_ªÄ ¿_ªÜ¿_¿±¿_ª_¿_ ¿_ªÜ¿é¿±ªÛª_,Dessert Shop,4491,24.69298,46.69538
4f1eb45ee4b0293a86501bdc,ªÄ¿ŒªÄ¿_ ¿±ªÛ¿_ | Raka Plaza,Plaza,4489,24.71384433,46.63361977
52effe1e498e631c290b8416,Yummy Wok | ª_ªÄª_ ª_ª_ªÛ,Frozen Yogurt,4437,24.75355964,46.60970832
4c4be510712ac9284c068a6d,Java Time | ¿Œ¿_ª¿_ ¿é¿_ª_ªÄ,Resraurant,4401,24.68258512,46.69700146
4cc3237ab2beb1f7d99e144c,Mursalat Complex | ¿_ªÜªÄ¿±¿_ªÜ¿_¿é ªÄ¿ŒªÄ¿_ ¿_ªÜ¿_¿é¿µ¿_ªÜ¿_¿é,Mobile Phone Shop,4391,24.7473243,46.68406642
4b8f57b6f964a520025233e3,Java Time | ¿Œ¿_ª¿_ ¿é¿_ª_ªÄ,Coffee Shop,4301,24.75507408,46.68129444
4b65bb89f964a52059fc2ae3,Second Cup,Coffee Shop,4299,24.69958551,46.69253826
4d1de1b8dd6a236a44642138,Alaqaria Mall | ¿£¿_ª_¿_ªä ¿_ªÜ¿_ªä¿_¿±ª_¿©,Donut Shop,4181,24.70442487,46.6821421
4ce06c1b7e2e236afc128b1b,Wadi Hanifa ª_¿_¿Àª_ ¿_ªæª_ª¿©,Other Great Outdoors,4132,24.63418369,46.65507317
4d2146a4d7b0b1f77cf71b9f,Hyper Panda ªö¿_ª_¿å¿± ¿åªæ¿Àªö,Donut Shop,4102,24.67614917,46.67711938
510a9299e4b0de3a2a1b168c,THE CREPE CAFE I ¿çª_ ªÛ¿±ª_¿å ªÛ¿_ªª_ªö,Restaurant,4101,24.74312586,46.65856095
4f6de0dae4b01489ba002603,Burger Box | ¿å¿±¿Œ¿± ¿åªÛ¿_,Resraurant,3988,24.77190629,46.66782516
4ea56ab7b80355a982f8cfa3,Makani Restaurant | ªÄ¿à¿_ªÄ ªÄªÛ¿_ªæª_,Restaurant,3984,24.72473904,46.65747199
4ea3a50430f8b9d5acdf2dfb,Dunkin' Donuts | ¿À¿_ªæªÛªæ ¿Àª_ªæ¿é¿_,Donut Shop,3943,24.77250518,46.67327605
51462363e4b0634beae34f19,Tamimi Markets | ¿£¿_ª_¿_ªä ¿_ªÜ¿éªÄª_ªÄª_,Resraurant,3881,24.77963938,46.78822237
4f1d62b0e4b03543a3409cd2,Wayne's Coffee | ª_¿_ª_ªæ¿_ ªÛª_ªª_,Toy / Game Store,3842,24.69187256,46.66885305
4b6afa55f964a5202fea2be3,Elements,Lounge,3836,24.71101655,46.67442666
5203e924498e3cff7919c1fc,Primi | ¿å¿±ª_ªÄª_,Restaurant,3763,24.78057843,46.66275501
514a25f2e4b0b12bdd3b4f96,The Sandwich Co.,Plaza,3720,24.78120185,46.66243315
4ea9bbd302d52c460a8980d5,McDonald's | ªÄ¿_ªÛ¿Àª_ªæ¿_ªÜ¿À¿_,Resraurant,3717,24.78716879,46.66074838
4b838dfcf964a520950931e3,Telecom Mall ªÄ¿ŒªÄ¿_ ¿_ªÜ¿_¿é¿µ¿_ªÜ¿_¿é,Restaurant,3715,24.70847805,46.66227586
4f0c62ade4b0065899e607da,Praline | ¿å¿±¿_ªÜª_ªæ,Bakery,3701,24.7026117,46.69169843
507c6210e4b076bc192f1072,Richony Caf’å | ªäªöª_¿© ¿±ª_¿é¿‚ª_ªæª_,Coffee Shop,3650,24.67535833,46.67138515
4bc223d074a9a59359d2d2f6,Computer Market | ¿_¿±¿_¿Œ ¿_ªÜªÛªÄ¿åª_ª_¿é¿±,Electronics Store,3619,24.68179752,46.69057101
4b71035af964a52053372de3,Java Time | ¿Œ¿_ª¿_ ¿é¿_ª_ªÄ,Coffee Shop,3595,24.764943,46.750949
50b08d04e4b045752b6cda32,Kingdom Mall Food Court | ¿±¿Àªö¿© ªÄ¿à¿_¿_ªÄ ªÄ¿±ªÛ¿_ ¿_ªÜªÄªÄªÜªÛ¿©,Building,3540,24.711759,46.67510101
4ba24acef964a52067ea37e3,Applebee's | ¿£¿åªÜ ¿åª_¿_,Restaurant,3443,24.76548237,46.75464789
4d1de1b8dd6a236a44642138,Dunkin' Donuts | ¿À¿_ªæªÛªæ ¿Àª_ªæ¿é¿_,Donut Shop,3438,24.70438107,46.68207228
4f3d6f66e4b0e602915a447c,Rimal Shisha | ªÄªäªöª_ ¿_ªÜ¿±ªÄ¿_ªÜ,Hookah Bar,3435,24.87020448,46.80593999
4b7fff0bf964a520924930e3,Dunkin' Donuts | ¿À¿_ªæªÛªæ ¿Àª_ªæ¿é¿_,Donut Shop,3412,24.7670611,46.75571062
512e4182e4b05f7d4843766f,DQ Grill & Chill,Drugstore / Pharmacy,3398,24.81914174,46.64287464
5187a8c1498ea7ade1f0fea5,Umam Sheesha Cafe | ªÄªäªöª_ ¿_´àªÄªÄ,Restaurant,3392,24.82977585,46.79270318
4c9b53239c663704381060fd,Paul | ª_ª_ªÜ,Restaurant,3381,24.74201595,46.68059043
4dbd47e20cb691071cb6454a,Anoosh ¿_ªæª_¿‚,Coffee Shop,3377,24.71459134,46.66080023
5392bba3498ee0e5e0b5258f,Starbucks | ¿_¿é¿_¿±¿åªÛ¿_,Coffee Shop,3331,24.78134661,46.73032915
4eeb82628b814fef89abbc58,The Cr’épe caf’å,Bakery,3316,24.69610883,46.70207757
51b22cd0498ef72ef8df784c,Java Cafe | ¿Œ¿_ª¿_ ªÛ¿_ªª_ªö,Coffee Shop,3281,24.77185205,46.66716977
4b7c4529f964a5209f882fe3,Dunkin' Donuts | ¿À¿_ªæªÛªæ ¿Àª_ªæ¿é¿_,Donut Shop,3280,24.69016506,46.68250526
4fd073eae4b03518ead765e2,Fuddruckers | ª¿À¿±ªÛ¿±¿_,Food Court,3243,24.74012754,46.68210983
4efef727490182a1a6d3887b,McDonald's ªÄ¿_ªÛ¿Àª_ªæ¿_ªÜ¿À¿_,Restaurant,3240,24.72354971,46.6013731
4d8b488cbc848cfacb8bec2b,ªÄ¿_ªÛ¿Àª_ªæ¿_ªÜ¿À¿_ McDonald's,Soccer Field,3239,24.7536781,46.60951994
4d98c87b744f3704d7dff757,Pinkberry | ª_ªæªÛ¿åª_¿±ª_,Restaurant,3230,24.78268245,46.73000336
53944553498ecef1831affe3,Sweetest Karak | ¿£¿_ªÜª_ ªÛ¿±ªÛ,Tea Room,3148,24.70149294,46.67661478
531e16bd498efd001f4e1e60,Fire Grill | ª¿_ª_¿± ¿Œ¿±ª_ªÜ,Restaurant,3118,24.78295821,46.6615734
4c601b8490b2c9b6d7013c22,Trader Vic's | ¿é¿±¿_ª_¿Àª_¿± ÷_ª_ªÛ¿_,Restaurant,3076,24.69246582,46.67130499
51e84d06498ea35b580546b1,Mango juice ¿_¿µª_¿± ªÄªæ¿Œ¿_,Juice Bar,3061,24.7069265,46.66287461
4b82e734f964a52022ec30e3,The Globe ¿_ªÜ¿åªÜª_¿±¿©,Restaurant,3052,24.69022604,46.68507578
4c892e4897828cfa5630a2aa,¿µ¿Àª_ ¿_ªÜ¿é¿_ªÜª_¿©,Coffee Shop,3019,24.71671738,46.68273637
4eee25c57ee5f4538830f7e2,Zara | ¿_¿_¿±¿_,Shop,3018,24.7024065,46.68033103
5318e95f498eaff004e39f6c,VERSUS Versace Caffó– ªª_¿±¿_¿_¿é¿‚ª_ ªÛ¿_ªª_ªö,Candy Store,3005,24.69174811,46.6690558
4f817c97e4b0c7b85619c02f,Anatolia | ¿£ªæ¿_¿éª_ªÜª_¿_,Turkish Restaurant,2987,24.69531613,46.68288231
54cb6228498ed74155aa6871,Carrefour ªÛ¿_¿±ªª_¿±,Restaurant,2960,24.77179767,46.66888606
4cebe55ce1eeb60c48dbb5ae,Aramex (Shop and Ship) ¿£¿±¿_ªÄªÛ¿_,Shipping Store,2933,24.79418691,46.65637111
4bbf8fdb74a9a593c6aacef6,Subway | ¿µ¿å ª_¿_ª_,Supermarket,2907,24.74547442,46.62020703
4c0e96c1c6cf76b028fb8051,McDonald's ªÄ¿_ªÛ¿Àª_ªæ¿_ªÜ¿À¿_,Restaurant,2887,24.69688029,46.70373291
555c9aa6498e86f0d8a20e2d,Steak 'n Shake | ¿_¿éª_ªÛ ¿_ªæ¿À ¿‚ª_ªÛ,Restaurant,2875,24.69726293,46.70308729
4faa3bfbe4b0dc75ba1f75f0,Starbucks | ¿_¿é¿_¿±¿åªÛ¿_,Resraurant,2812,24.71280611,46.6752189
4f1eb45ee4b0293a86501bdc,McDonald's ªÄ¿_ªÛ¿Àª_ªæ¿_ªÜ¿À¿_,Plaza,2802,24.71361189,46.63335591
4c2c9f6ab34ad13aba8cebce,AlJazeera Supermarket | ¿_¿_ª_¿_ªä ¿_ªÜ¿Œ¿_ª_¿±¿©,Supermarket,2743,24.70635114,46.68790587
4b9948a2f964a520097035e3,dr.CAFE COFFEE | ¿À. ªÛª_ª,Coffee Shop,2737,24.78665447,46.65966879
54cce87a498e1f968efc1e8d,Mooyah | ªÄª_ª_ª_¿_,Resraurant,2715,24.79640285,46.65481332
547e1a04498e3f5770351032,Romano's Maccaroni & Grill | ¿±ª_ªÄ¿_ªæª_¿_ ªÄªÛ¿_¿±ª_ªæª_ ¿Œ¿±ª_ªÜ,Restaurant,2667,24.78296873,46.66151211
516df5b9f31cd0ea72e739cb,Starbucks | ¿_¿é¿_¿±¿åªÛ¿_,Resraurant,2609,24.73907201,46.68262317
54cb6228498ed74155aa6871,¿é¿_ªÜ¿_ ªÄª_ªÜ | Tala Mall,Restaurant,2537,24.77173425,46.66938115
4c601b8490b2c9b6d7013c22,Tonino Lamborghini Cafe Resto | ªÜ¿_ªÄ¿åª_¿±¿Œª_ªæª_,Restaurant,2508,24.69194985,46.67120125
510a9299e4b0de3a2a1b168c,Starbucks | ¿_¿é¿_¿±¿åªÛ¿_,Restaurant,2506,24.74295671,46.65839124
4ea9bbd302d52c460a8980d5,Subway | ¿µ¿å ª_ª_,Resraurant,2503,24.78716742,46.66053623
509699e9e4b0e52fa47b9ed0,Subway | ¿µ¿å ª_¿_ª_,Resraurant,2473,24.73158235,46.69740669
4f41391be4b0f7b459efed08,ªä¿µ¿± ¿_ªÜ¿£¿_¿çª_¿© SHOE PALACE,Shoe Store,2453,24.7135866,46.67606303
50d5f40ae4b0a7a64fba7fa8,ABYAT  | ¿£¿åª_¿_¿é,Furniture / Home Store,2404,24.76788756,46.66129053
4e7c9e0a88777c30772abe29,Alforno co (TSC),Restaurant,2382,24.76794691,46.75790702
4bcf4b08b221c9b61dc0d1d0,Dunkin' Donuts | ¿À¿_ªæªÛªæ ¿Àª_ªæ¿é¿_,Donut Shop,2370,24.69226878,46.69332593
536e07f8498ee2f0d56d8f91,Starbucks | ¿_¿é¿_¿±¿åªÛ¿_,Restaurant,2354,24.80936994,46.73501726
4f817c97e4b0c7b85619c02f,Corsini Coffee Shop | ªÛª_¿±¿_ª_ªæª_ ªÛ¿_ªª_¿©,Turkish Restaurant,2335,24.70549055,46.67942081
4ecbd1a093adb4bd1b56c555,Anoosh | ¿£ªæª_¿‚,Mediterranean Restaurant,2322,24.77812586,46.66402969
51865d865019e19c41709a6b,McDonald's | ªÄ¿_÷À¿Àª_ªæ¿_ªÜª—¿À¿_,Resraurant,2295,24.80570746,46.69336438
5318e95f498eaff004e39f6c,Candylawa | ªÛ¿_ªæ¿Àª_ªÜ¿_ª_ªö,Candy Store,2292,24.69178485,46.66973479
4d4be007f523a143698f6f9d,Maya La Chocolaterie,Food Court,2279,24.74208446,46.68056684
4f7d67cbe4b07b0956ff365c,Dim light | ¿_ªÜ¿_ª_¿ ¿_ªÜ¿Â¿_ª¿é,Coffee Shop,2247,24.73969465,46.58290872
4e973ca4722eef174f72d523,Herfy Cafe & Grill | ªö¿±ªª_ ªÛ¿¢ªª_ªö ¿_ªæ¿À ªä¿±ª_ªÜ,Coffee Shop,2233,24.74429559,46.62133287
4ff3f389e4b05ae522acd704,dr.CAFE | ¿À.ªÛª_ª,Coffee Shop,2200,24.72567748,46.66023451
4b72bbd3f964a52006862de3,Helen's | ªöªª—ªÜªª—ªæ,Dessert Shop,2199,24.72044028,46.69133992
50295233e4b0db2acbb75c69,Papparoti | ¿å¿_¿å¿_¿±ª_¿éª_,Coffee Shop,2168,24.69346785,46.66963577
5356a705498e70d06fc1a884,Scaramouche | ¿_ªÛ¿_¿±¿_ªÄª_¿‚,Restaurant,2150,24.68903411,46.6844579
4b72bbd3f964a52006862de3,DIPLOMAT SWEETS  I  ¿_ªÜª_ª_¿_¿é ¿_ªÜ¿À¿åªÜª_ªÄ¿_¿_ª_,Dessert Shop,2143,24.72084249,46.69192135
4eee25c57ee5f4538830f7e2,H&M,Shop,2124,24.70245428,46.68051497
4c84299051ada1cdb8ca2c10,Al-Musafir | ªÄªäªöª_ ¿_ªÜªÄ¿_¿_ª¿±,Hookah Bar,2111,24.85223651,46.60254089
4d98c87b744f3704d7dff757,Steak House | ¿_¿éª_ªÛ ªö¿_ª_¿_,Restaurant,2107,24.78059864,46.73057464
4c192a06d4d9c928c28df029,Ketchup | ªÛ¿_¿é¿‚¿å,Restaurant,2077,24.70194433,46.69129372
52efd23b11d2203926fb13d2,Al-Nada Plaza | ¿_ªÜªæ¿Àª_ ¿åªÜ¿_¿_¿_,Coffee Shop,2066,24.80613314,46.69297212
4ee0b8af93ad1adedc126bde,Spring Rose | ¿_ªö¿±¿© ¿_ªÜ¿±¿åª_¿_,Flower Shop,2049,24.74429657,46.65432309
4ed06c63b8f7971d6aaff4b6,Dunkin' Donuts | ¿À¿_ªæªÛªæ ¿Àª_ªæ¿é¿_,Donut Shop,2016,24.72840902,46.68978325
4e7c9e0a88777c30772abe29,Panda ¿åªæ¿Àªö,Restaurant,2011,24.76789007,46.7573213
4eee25c57ee5f4538830f7e2,American Eagle Outfitters,Shop,1989,24.70228901,46.68070833
4f713ceee4b022ab214c0915,¿_ª_ ¿_ªÜ¿±ªª_¿_¿©,Trail,1968,24.64535535,46.66435972
4f78ad95e4b00562b70989fa,Applebee's,Bakery,1944,24.74200892,46.68011409
4dd69987b0fb8af38070e940,Remal Center Mall | ¿_ªÜ¿±ªÄ¿_ªÜ ¿_ªæ¿é¿±,Department Store,1943,24.66007294,46.78375141
4c2378557e85c9283495bd21,Shayah Iranian Restaurant,Coffee Shop,1943,24.72537462,46.65907008
4db1535243a1bea42bc84163,Anatolia | ¿_ªæ¿_¿éª_ªÜª_¿_,Food Court,1936,24.78062714,46.73072219
4cb86ba69552b60cd855cc8b,Costa Coffee | ªÛª_¿_¿é¿_ ªÛª_ªª_,Coffee Shop,1931,24.69073393,46.6844579
4f8dfd2ce4b0cb22872a2bf3,Dunkin' Donuts | ¿À¿_ªæªÛªæ ¿Àª_ªæ¿é¿_,Donut Shop,1920,24.81863919,46.68666061
4be70e16cf200f47b634153c,Whites Pharmacy,Supermarket,1919,24.67585123,46.67619507
4e973ca4722eef174f72d523,Panda ¿åªæ¿Àªö,Coffee Shop,1866,24.7442411,46.62139882
4e88b75429c2ea60eefec400,ªÄªäªöª_ ¿_ªÜ¿À¿±ª_¿_¿_¿©,Coffee Shop,1856,24.86588652,46.79919351
5193a1ad498eb76c92f3fb9d,¿_ªÜ¿_¿å¿_¿å ªÄ¿_ ¿_ªÜªÄªÜªÛ ¿_¿å¿À¿_ªÜ¿_¿_ª_¿_ ( ¿éªä¿_¿à¿_ ¿_ªÜªÜªö ¿_ªÜ¿_ ª_¿_ª_ªä ¿_ªÜª_ªæ¿_ ),Trail,1849,24.70914995,46.7069801
4d9d743a83f36ea82234b894,Caribou Coffee,Coffee Shop,1799,24.74310921,46.6803216
4e2021be18a88345f03cd013,Subway | ¿µ¿å ª_¿_ª_,Resraurant,1732,24.714667,46.634617
536b5ae7498e047e33524612,Moroccan Taste | ¿_ªÜªÄ¿ç¿_ªä ¿_ªÜªÄ¿_¿±¿åª_,Restaurant,1726,24.80417803,46.65147605
52151be511d28592d8410438,Burger & Burger | ¿å¿±¿Œ¿± ¿¢ªæ¿À ¿å¿±¿Œ¿±,Resraurant,1638,24.81989696,46.64256832
4e060d497d8b2a018051a4fc,Nike Store,Shop,1612,24.7052736,46.67810502
52c11e7a11d21c6e7f7c0e7b,Cavalli Caffó– | ªÛ÷_¿_ªÜª_ ªÛ¿_ªª_ªö,Coffee Shop,1563,24.71173388,46.6754877
536e07f8498ee2f0d56d8f91,Danube | ¿_ªÜ¿À¿_ªæª_¿å,Restaurant,1545,24.80987328,46.73444598
5392bba3498ee0e5e0b5258f,Extra | ¿ÇªÛ¿_¿é¿±¿_,Coffee Shop,1537,24.78352755,46.72990899
4f78ad95e4b00562b70989fa,PappaRoti | ¿å¿_¿å¿_¿±ª_¿éª_,Bakery,1528,24.74223873,46.6811045
4fd073eae4b03518ead765e2,BurgerFuel | ¿å¿±¿_¿± ªª_ª_ªÜ,Food Court,1527,24.74001061,46.68223858
4e5aba9a1f6e804280d74be3,Midas | ªÄª_¿À¿_¿_,Furniture / Home Store,1526,24.76577602,46.6601968
4e663c9c7d8b85408b4502ca,Applebee's | ¿_¿åªÜ ¿åª_¿_,Grocery Store,1524,24.65870994,46.78367579
51929f90498e72002b46a05a,The Sandwich Co. | ¿ç¿_ ¿_¿_ªæ¿Àª_¿é¿‚ ªÛª_ªÄ¿å¿_ªæª_,Resraurant,1506,24.80604595,46.69293438
4da5ec8a4b2280544b678da0,Avenue Mall,Department Store,1474,24.66356887,46.70393661
53495b96498e2db72f1394ed,Al Hilal Store | ªÄ¿é¿Œ¿± ¿_ªÜªöªÜ¿_ªÜ,Shop,1443,24.70254214,46.67871811
54a97aa3498e1d3830c722a6,PAUL | ª_ª_ªÜ,Coffee Shop,1436,24.76731958,46.71633352
5012fb8de4b0f8ec77f1da9d,Golden Brown | ªäª_ªÜ¿Àªæ ¿å¿±¿_ª_ªæ,Cupcake Shop,1430,24.69609594,46.70221567
547e1a04498e3f5770351032,El Dorado Coffee and tea | ¿_ªÜ¿Àª_¿±¿_¿Àª_,Restaurant,1416,24.78046532,46.66289818
50ffb51fe4b0a49395f7f300,Coffee Day | ª_ª_ªÄ ¿_ªÜªäªöª_¿©,Coffee Shop,1414,24.80606786,46.65066533
4ecbd1a093adb4bd1b56c555,Manoosha | ªÄªæ¿_¿‚¿©,Mediterranean Restaurant,1387,24.77818205,46.66396369
54a97aa3498e1d3830c722a6,Virgin Megastore | ªª_¿±¿Œªæ ªÄª_¿Œ¿_ ¿_¿éª_¿±,Coffee Shop,1379,24.76694188,46.7163524
55f5a11e498e0e311c40c623,Chocolate Bar | ¿é¿‚ª_ªÛªÜ¿é ¿å¿_¿±,Bakery,1372,24.76736781,46.71629576
5380ed0c498eaf0c7902f1d3,Karam Cafe | ªÛ¿±ªÄ ªÛ¿_ªª_ªö,Restaurant,1359,24.75346511,46.6095529
51756c70e4b0182f6ca786f4,¿Àª_¿_¿± ªÄ¿_¿é¿‚ªª_ ¿_ªÜªÄªÄªÜªÛ¿©,Road,1356,24.80171389,46.65369616
4fd073eae4b03518ead765e2,Sahara Mall Foodcourt | ¿±¿Àªö¿© ªÄ¿à¿_¿_ªÄ ¿µ¿_¿_¿±ª_ ªÄª_ªÜ,Food Court,1355,24.74003804,46.68213738
4c601b8490b2c9b6d7013c22,Len’‚tre ªÜª_ªæª_¿é¿±,Restaurant,1354,24.69208746,46.67135686
4e91596e49013919db2fba98,Joon Veterinary Clinic & Pet Shop,Pet Store,1338,24.67547999,46.67426633
536e07f8498ee2f0d56d8f91,Zaatar w Zeit | ¿_¿_¿é¿± ª_ ¿_ª_¿é,Restaurant,1320,24.81769397,46.7319343
4f561bcae4b0d0433013e4ee,Sugar Sprinkles,Cupcake Shop,1308,24.69602892,46.70148779
4e99dbdfbe7bc875aa42960b,Len’‚tre | ªÜª_ªæª_¿é¿±,Chocolate Shop,1287,24.69313033,46.69519407
4e8ab3a3b803fd0aa06a131e,Kudu | ªÛª_¿Àª_,Restaurant,1286,24.74465831,46.62104081
4dee531fe4cd032b189f9735,Burgerizzr | ¿å¿±¿_¿±¿_ª_¿_¿_¿±,Resraurant,1282,24.78783708,46.65973479
52c44ed2498e2ff9cc1d2355,Maestro Pizza | ªÄ¿_ª_¿_¿é¿±ª_ ¿åª_¿é¿_¿_,Pizza Place,1254,24.79611408,46.62907779
4dc2ea4afa7608e86fe52b0d,"Food Court, Riyadh Gallery",Department Store,1246,24.74335006,46.65833938
543434a0498e92eb4a7edc7e,Tamimi Markets | ¿_ª_¿å¿±ªÄ¿_¿±ªÛ¿é ¿_ªÜ¿éªÄª_ªÄª_,Coffee Shop,1235,24.80731253,46.73712776
51756c70e4b0182f6ca786f4,King Abdulaziz & Saud Ibn Muqrin Roundabout | ¿Àª_¿_¿± ¿_ªÜ¿±¿åª_¿_,Road,1211,24.78667244,46.65900408
4d1335a5d0fda093324eb157,Granada Center Food Court,Electronics Store,1159,24.78128441,46.73043773
4e91596e49013919db2fba98,Baskin Robbins,Pet Store,1148,24.67621438,46.67601115
55c3580e498e110cb64902ed,Buffalo Wings & Rings,Wings Joint,1142,24.78032517,46.66284084
5139fc8ae4b004aa50c9d237,Starbucks | ¿_¿é¿_¿±¿åªÛ¿_,Coffee Shop,1141,24.74206862,46.68066117
4f561bcae4b0d0433013e4ee,ªÛª_ªÛ¿±ª_ | Cakery,Cupcake Shop,1102,24.69532563,46.70280419
52851cc711d28cd203abc725,ªÄ¿_ª_¿_¿é¿±ª_ ¿åª_¿é¿_¿_ | Maestro Pizza,Pizza Place,1101,24.78969995,46.64845478
4ead7c5f02d5cf33fa6f9014,City.W | ¿_¿éª_ ¿À¿åªÜª_ª_,Furniture / Home Store,1091,24.72637184,46.75494545
54441e14498ec84e43188646,Boardwalk Burgers & Fries | ¿åª_¿±¿Àª_ª_ªÛ ¿å¿±¿Œ¿±¿_ ¿¢ªæ¿À ª¿±¿_ª_¿_,Resraurant,1076,24.67618243,46.67674683
4f05abfab8f7dcbb400bac99,Patchi,Dessert Shop,1072,24.71813208,46.65852795
4ea2f07e722ec75ade815508,Whites Pharmacy,Supermarket,1049,24.76686813,46.75557365
4c01291ccf3aa5935b88ccb0,Amigos | ¿_ªÄª_¿Œª_¿_,Restaurant,1042,24.72912659,46.69256171
560a6995498e3c55b65fd97f,Tamimi Markets I ¿£¿_ª_¿_ªä ¿_ªÜ¿éªÄª_ªÄª_,Bakery,1041,24.80161558,46.60343558
55d63d73498eeae64dff98b8,Highway 5 | ªö¿_ª_ ª_ª_ 5,Resraurant,1035,24.78134072,46.66257287
511808e6e4b0d096b601a12a,Estra7t Handsome guys,Hookah Bar,1029,24.833988,46.759465
4e5aba9a1f6e804280d74be3,Roomz by Almutlaq,Furniture / Home Store,1027,24.77029159,46.66743279
52c43f83498e0450ea105486,Olaya View | ¿_ªÜ¿_ªÜª_¿_ ÷_ª_ª_,Mall,1025,24.71376457,46.67235653
53bc7155498e75461da91ef5,dr.CAFE COFFEE || ¿À. ªÛª_ª,Coffee Shop,995,24.76666622,46.65921623
4fcf729ae4b07997d3141487,Hamleys ªö¿_ªÄªÜª_¿_,Food Court,963,24.69233696,46.66996112
543434a0498e92eb4a7edc7e,Piatto | ¿åª_¿_¿éª_,Coffee Shop,951,24.80868674,46.73543275
4be84fce88ed2d7f9bb7cb1d,The Sandwich Co,Coffee Shop,950,24.68299763,46.6977511
5043b34ee4b02607d16e1bd0,Adidas | ¿£¿Àª_¿À¿_¿_,Shop,946,24.7025179,46.68095829
4dd69987b0fb8af38070e940,Hyper Panda ªö¿_ª_¿å¿± ¿åªæ¿Àªö,Department Store,946,24.65944826,46.78394517
4ff8433ee4b002d4d3d4992c,Panda | ¿åªæ¿Àªö,Grocery Store,943,24.80629429,46.69291079
536b5ae7498e047e33524612,Marta's Cakes ªÄ¿_¿±¿é¿_ ªÛª_ªÛ,Restaurant,933,24.79820346,46.65464363
53aea9b6498e1da25de38ae2,dip n dip | ¿Àª_¿å ¿Çªæ ¿Àª_¿å,Coffee Shop,931,24.74330473,46.65872123
52a8b7fb11d2292923a38c7d,Jan Burger | ¿Œ¿_ªæ ¿å¿±¿Œ¿±,Resraurant,923,24.78978661,46.64832753
50013226e4b025b2580c51aa,Cold Stone Creamery,Ice Cream Shop,909,24.74317947,46.68027444
541ff49b498e451a8f1a7164,FAUCHON ªª_¿‚ª_ªæ,Coffee Shop,902,24.71178341,46.67553014
4e88ab018b81affddc4d1f91,Quiznos Sub,Resraurant,870,24.73228367,46.69709532
4f3a9c99e4b0928989480081,¿å¿_¿_ªÛªæ ¿±ª_¿åªæ¿_ || Baskin Robbins,Ice Cream Shop,859,24.78700368,46.66036651
4f69ee04e4b0656e874897dd,¿àªÜ¿_¿© ¿_ªÜ¿å¿Àª_¿_¿©,Park,857,24.61300979,46.67140873
4b6afa55f964a5202fea2be3,Lobby Lounge,Lounge,856,24.71126851,46.67445967
54cb6228498ed74155aa6871,Paul | ª_ª_ªÜ,Restaurant,846,24.77134223,46.66919254
54b01117498e18b8bcee3f74,COOKIES N'CREAM | ªÛª_ªÛª_¿_ ªæ'ªÛ¿±ª_ªÄ,Restaurant,842,24.68921231,46.67362501
4cc9bc93d338236a9c6ba47c,Centrepoint,Shop,841,24.70508507,46.66429843
4eb6ffc530f8d0f18d0507bf,Baskin RobbinsŠÜ¢ ¿å¿_¿_ªÛªæ ¿±ª_¿åªæ¿_,Ice Cream Shop,837,24.73683701,46.70751804
4d6174ab73e76a311d0ce196,Podium | ¿åª_¿Àª_ª_ªÄ,Shop,837,24.71507682,46.67837384
4e7b3595dab41c8304c23e3e,InterContinental Riyadh Bowling Alley,Bowling Alley,828,24.66708331,46.69179278
546f3643498e7269b251c2c9,BIG SMOKE BURGER | ¿åª_¿Œ ¿_ªÄª_ªÛ ¿å¿±¿Œ¿±,Restaurant,815,24.78053722,46.66267188
4e91596e49013919db2fba98,Zoo l ¿_ª_ª_,Pet Store,804,24.68083972,46.67719484
555c9aa6498e86f0d8a20e2d,Panda Express | ¿å¿_ªæ¿À¿_ ¿_ªÛ¿_¿å¿±¿_,Restaurant,801,24.69669012,46.70220496
520d511711d2b31f9d7727b0,SEGAFREDO ZANETTI ESPRESSO CAF’_,Coffee Shop,798,24.75342362,46.61039592
4f1eb45ee4b0293a86501bdc,Baskin Robbins | ¿å¿_¿_ªÛªæ ¿±ª_¿åªæ¿_,Plaza,796,24.71332848,46.63377055
530b9841498e9d01f354d57c,Saldwich | ¿_¿_ªÜ¿Àª_¿é¿‚,Salad Place,796,24.78980866,46.64851606
4bea77e6a9900f47f3841640,Hardee's ªö¿_¿±¿Àª_ª_¿_,Resraurant,787,24.70442799,46.66523195
523da4e6498e38c1d0200689,Shakeaway | ¿‚ª_ªÛ ¿_ª_¿_ª_,Restaurant,774,24.7533488,46.61024521
4fcf729ae4b07997d3141487,Panorama Foodcourt,Food Court,769,24.69218587,46.67000356
4f6f2e3be4b0e3b3be8a7752,¿_ªÜª_ª_¿_¿é ªä¿µ¿± ¿_ªÜ¿_ªÜª_ | ¿_ªÜ¿_ªÜ¿_¿å,Dessert Shop,764,24.70861594,46.70774454
4c2378557e85c9283495bd21,Dr.Cafe / Drive Thru,Coffee Shop,754,24.72568297,46.66017794
4e7c9e0a88777c30772abe29,Baskin Robbins | ¿å¿_¿_ªÛªæ ¿±ª_¿åªæ¿_,Restaurant,751,24.76715527,46.75582398
54a97aa3498e1d3830c722a6,¿_ªÄª_¿é ¿_¿_¿±¿_ª_ | Simit Sarayó±,Coffee Shop,719,24.76656555,46.71493181
521659d211d2f12183364adf,Anoosh | ¿£ªæª_¿‚,Dessert Shop,710,24.75343769,46.60971774
4ead94b0dab4a75e0a2724a8,dr.CAFE COFFEE | ¿À. ªÛª_ª,Coffee Shop,701,24.7558493,46.68337781
54b01117498e18b8bcee3f74,Mee SO HUNGRY,Restaurant,689,24.68965187,46.6734411
4faa3bfbe4b0dc75ba1f75f0,Fatburger | ª¿_¿é¿å¿±¿Œ¿±,Resraurant,680,24.71247277,46.67450211
51f4590b498e369ef2e4fd00,Burgy | ¿å¿±ªäª_,Resraurant,674,24.81961177,46.64273326
522b709511d203fd862ad7aa,Baskin Robbins | ¿å¿_¿_ªÛªæ ¿±ª_¿åªæ¿_,Ice Cream Shop,657,24.75349624,46.61016986
4f510a56e4b0390b959de7ab,Othaim Market ¿£¿_ª_¿_ªä ¿_ªÜ¿_¿âª_ªÄ,Grocery Store,650,24.75600192,46.68379286
4d6174ab73e76a311d0ce196,Hush Puppies | ªö¿‚ ¿å¿_¿åª_¿_,Shop,650,24.71393429,46.67636956
4f4a7820e4b07165fb4b3bcb,¿åªÜª_ªÜ¿© ª_ªÜ¿À ¿_ªÜ¿Àª_¿±¿©,Food Truck,648,24.83771399,46.7413632
4dc2ea4afa7608e86fe52b0d,Hyper Panda,Department Store,644,24.74283868,46.65846667
4e663c9c7d8b85408b4502ca,Starbucks | ¿_¿é¿_¿±¿åªÛ¿_,Grocery Store,637,24.66014181,46.78308032
51081ee0e4b093dcac39e0ec,Kudu | ªÛª_¿Àª_,Restaurant,634,24.80643775,46.6929391
4f82f949e4b0c7b857825375,Dairy Queen ¿Àª_¿±ª_ ªÛª_ª_ªæ,Dessert Shop,629,24.81874918,46.68672193
54bd3160498e8cea0236caff,Fire Grill | ª¿_ª_¿± ¿Œ¿±ª_ªÜ,Plaza,629,24.80879129,46.73527694
4f744674e4b026e79186b5e4,ªÄªæ¿é¿_ªö ¿åªæ¿å¿_ªæ ¿_ªÜª_¿àªæª_,Campground,627,25.00951082,46.59704122
4efdab659a520dfd643bd750,Candy Days ªÛ¿_ªæ¿Àª_ ¿Àª_¿_,Candy Store,619,24.74305106,46.65814611
4d4be007f523a143698f6f9d,Food Court ªä¿_ªÄ ¿_ªÜªÄ¿à¿_¿_ªÄ,Food Court,619,24.74306883,46.6790671
510a9299e4b0de3a2a1b168c,Fatburger | ª¿_¿é¿å¿±¿Œ¿±,Restaurant,608,24.74371463,46.65833938
4e6a5492a809290267f633c6,Beard Papa's | ¿åª_¿±¿À ¿å¿_¿å¿_¿_,Restaurant,602,24.78005727,46.66304433
54d9b9fa498ea38f91e08406,Danube | ¿_ªÜ¿À¿_ªæª_¿å,Supermarket,598,24.80841486,46.61690504
4ff58b5ae4b038644a9a08be,Albustan Restaurant,Restaurant,585,24.66656856,46.69118897
5106827fe4b0ad7f444202ad,Puffy Cake,Cupcake Shop,583,24.73508748,46.64845007
51d3194d498ef335e1bdc07f,Baskin Robbins Cafe | ¿å¿_¿_ªÛªæ ¿±ª_¿åªæ¿_ ªÛ¿_ªª_ªö,Ice Cream Shop,579,24.77242564,46.67267718
4dcaa1351f6e2812677b47b1,Tony Roma's,Restaurant,576,24.74251373,46.67970849
4c4be510712ac9284c068a6d,Pane Piatto | ¿å¿_ªæª_ ¿åª_¿_¿éª_,Resraurant,576,24.68293515,46.69746802
52effe1e498e631c290b8416,Menchie's Hitteen | ªÄªæ¿‚ª_¿_ ¿_¿àª_ªæ,Frozen Yogurt,569,24.75338381,46.61021695
54b82104498ed2e15d56349d,Coffee Day | ª_ª_ªÄ ¿_ªÜªäªöª_¿©,Coffee Shop,553,24.80802625,46.73678781
555c9aa6498e86f0d8a20e2d,Starbucks | ¿_¿é¿_¿±¿åªÛ¿_,Restaurant,542,24.69743576,46.7018794
54c90c91498e622b8b8e2e70,Starbucks | ¿_¿é¿_¿±¿åªÛ¿_,Coffee Shop,541,24.79084994,46.64875643
51b22ffa498eec8aca67b1d4,Whites pharmacy,Shop,539,24.7143545,46.66084266
4ccd23f1c0378cfa93b68b48,Princess Nora University,College Academic Building,532,24.77434409,46.72884464
4c3f278f51dee21ed792eb6e,Baskin Robbins,Ice Cream Shop,528,24.69022653,46.68251941
506f16bfe4b0eefb57fca019,Ben's Cookies | ¿åªæ¿_ ªÛª_ªÛª_¿_,Coffee Shop,523,24.76717506,46.75581454
5043b34ee4b02607d16e1bd0,¿åª_¿é ¿_ªÜ¿±ª_¿_¿_¿© ¿_ªÜª¿_ªÜ¿_ | El-FALEH,Shop,519,24.70523348,46.67929819
4f15c269e4b03f4c03fb50e0,IKEA Cafe | ªÄªäªöª_ ¿¢ª_ªÛª_¿_,Restaurant,509,24.65986933,46.78696044
4ee0b8af93ad1adedc126bde,balloonizer,Flower Shop,492,24.74380263,46.65414397
5042691be4b055ecd356a70e,ªÄ¿±ªÛ¿_ ¿_ªÜ¿±¿åª_¿_ | Alrabie Center,Plaza,467,24.78703715,46.66046551
4f6b3475e4b0b949c4bff64e,¿_ªÜªö¿±ªÄ ¿_ªÜªÛ¿åª_¿± - ¿_ªÜªö¿±ªÄ ¿_ªÜªÛ¿åª_¿± - The Big Pyramid,Mountain,455,25.19719338,46.53649561
4f3566dde4b0d605a55343aa,Mondo Resturent & Loung,Diner,454,24.66799343,46.69175504
51462363e4b0634beae34f19,The Sandwich Co.,Resraurant,454,24.77968088,46.78796242
4f47ce0be4b0c8395ee2c605,Bostani | ¿å¿_¿é¿_ªæª_,Dessert Shop,452,24.69046739,46.68861341
51ac6c98498e44427112f9bf,Whites Pharmacy ¿µª_¿ÀªÜª_¿© ª_¿_ª_¿é¿_,Drugstore / Pharmacy,445,24.68919809,46.68242508
4f8dfe66e4b0036b6ebffec4,Domino's Pizza | ¿Àª_ªÄª_ªæª_¿_ ¿åª_¿é¿_¿_,Pizza Place,428,24.81875,46.68665118
4e99dbdfbe7bc875aa42960b,Patchi | ¿å¿_¿é¿‚ª_,Chocolate Shop,406,24.69290841,46.69467042
51e06a2b498ed38b41183bea,dr.CAFE COFFEE | ¿À. ªÛª_ª,Coffee Shop,404,24.663362,46.704217
4f2aac55e4b04e33baa7e9ca,Khafif | ¿Âªª_ª,Restaurant,397,24.76713644,46.75575313
4ec2ba5c775b802d1ff48dbf,Home Center,Furniture / Home Store,393,24.66061901,46.78352929
533687b3498ec0c5b90ff33b,Cafelawa | ªÛ¿_ªª_ªÜ¿_ª_¿_,Coffee Shop,389,24.69151388,46.66966406
5049e167e4b0568d3c3d5d5d,The Palms Golf Club,Golf Course,388,24.66879538,46.69046723
4f128e66e4b0044a2469424f,Looz & Jooz | ªÜª_¿_ ª_¿Œª_¿_,Grocery Store,384,24.71151822,46.67567162
4db3038a43a1369cb5989f18,Dairy Queen ¿Àª_¿±ª_ ªÛª_ª_ªæ,Restaurant,384,24.74326546,46.6582451
54a2adb4498e1c9f0f01199b,Marble Slab Creamery,Supermarket,376,24.80777009,46.7369814
50716385e4b0559b4dbfcd84,Rotiboy | ¿±ª_¿éª_ ¿åª_ª_,Coffee Shop,363,24.806264,46.692941
553a0ac0498e07485ab6eb39,¿À¿_ªæªÛªæ ¿Àª_ªæ¿é¿_ | Dunkin' Donuts,Coffee Shop,362,24.80171232,46.60347325
4f6cadffe4b032eb625233d5,Fruit Islands | ¿Œ¿_ª_¿±¿© ¿_ªÜªª_¿_ªÛªö,Juice Bar,359,24.738759,46.693755
53de1388498e478b059e1d7d,Menchie's  (ªÄªæ¿‚ª_¿_),Frozen Yogurt,358,24.79018127,46.64867631
4d629fbd865a224b9119c485,Shawarmer | ¿‚¿_ª_¿±ªÄ¿±,Restaurant,343,24.75676934,46.68580055
4eff5130b8f787cad09ace8d,Saadeddin Pastry ¿_ªÜª_ª_¿_¿é ¿_¿_¿À¿_ªÜ¿Àª_ªæ,Dessert Shop,323,24.76699264,46.75564922
519e2a43498e352a6e5be4de,Just Falafel | ¿Œ¿_¿é ªªÜ¿_ªªÜ,Falafel Restaurant,320,24.80612762,46.69299099
4db96e3c6e818f67a9be43d6,The Candy Store,Candy Store,308,24.68976081,46.67350712
4f2ad24ae4b050ce91a076f1,Pane Piatto | ¿å¿_ªæª_ ¿åª_¿_¿éª_,Coffee Shop,304,24.78709127,46.66050794
54a97aa3498e1d3830c722a6,Nespresso | ªæ¿_¿å¿±ª_¿_ª_,Coffee Shop,304,24.76720176,46.71458729
50ae9bdce4b03c6b1d2395ff,Taxi,Resraurant,300,24.71325662,46.63369045
4f58742ae4b0e48a878ebeb7,Baskin Robins,Dessert Shop,296,24.72857049,46.68976438
502d7916e4b0648636b82c30,Texas Chicken,Restaurant,294,24.730431,46.671424
561920ab498e0c5c48df227d,Le Moulin Bakery | ªÄ¿Â¿å¿_ ªÜª_ ªÄª_ªÜ¿_,Cupcake Shop,289,24.801635,46.603658
553019f9498ef7e26706245c,Wok To Walk | ª_ªÛ ¿éª_ ª_ª_ªÛ,Restaurant,288,24.80755127,46.73694834
4ff80f35e4b058e1656d0444,Subway | ¿µ¿å ª_¿_ª_,Resraurant,268,24.71242394,46.67453984
5155aaffe4b0ea6b60f6a57a,Baskin Robbins | ¿å¿_¿_ªÛªæ ¿±ª_¿åªæ¿_,Ice Cream Shop,268,24.8061,46.692861
4d64bf0bb470a14331741dfe,Subway | ¿µ¿å ª_¿_ª_,Resraurant,262,24.69011441,46.68675023
4e779471d22d80eb34249414,Aldiwan T Lounge,Coffee Shop,261,24.6671138,46.69099556
4bcc8fa2b6c49c7455f09391,KFC | ªÛªæ¿é¿_ªÛª_,Fried Chicken Joint,259,24.69199499,46.70112202
4dc56d65e4cd169dc64be1b0,Panino's | ¿åªæª_ªæª_¿_,Resraurant,249,24.71247633,46.67460114
512e4182e4b05f7d4843766f,Whites Pharmacy,Drugstore / Pharmacy,237,24.81989045,46.64260602
548ae2fb498e928ab65ea574,Subway | ¿µ¿å ª_¿_ª_,Resraurant,221,24.75602527,46.68364665
4da5ec8a4b2280544b678da0,New Cabalen,Department Store,216,24.663668,46.7034674
4dd69987b0fb8af38070e940,Center Point,Department Store,205,24.66012502,46.78289601
54bd3160498e8cea0236caff,Al Ebdaa Plaza | ¿_ªÜ¿Ç¿å¿À¿_¿_ ¿åªÜ¿_¿_¿_,Plaza,204,24.8096768,46.73477647
54f48dd8498e5a79cca0d7e5,Bread Talk | ¿å¿±¿À ¿éª_ªÛ,Bakery,200,24.808331,46.616866
520533d411d28fa52eae759b,Rotiboy |  ¿±ª_¿éª_ ¿åª_ª_,Coffee Shop,200,24.77975825,46.78811366
5229e9e6498e14e4533bca01,IKEA Swediah Food Market | ¿_ª_ªä ¿_ª_ªÛª_¿_ ªÜªÜ¿£¿à¿_ªÄ¿© ¿_ªÜ¿_ª_ª_¿Àª_¿©,Market,197,24.65980401,46.78704551
554be02c498e01d1a1f779b6,¿_ªÜªä¿±ª_¿© ¿_ªÜªæ¿Œ¿Àª_¿© - ¿_ª_ªä ¿_ªÜ¿å¿Œª_¿±ª_ ¿_ªÜ¿À¿±¿_ª_¿©,Coffee Shop,193,24.736393,46.57502508
50ddf988e4b0a2f2fe7b2a37,Kudu | ªÛª_¿Àª_,Restaurant,171,24.77949971,46.78837361
4da5ec8a4b2280544b678da0,Darbar Indian Cuisine | ªÄ¿à¿_ªÄ ¿À¿_¿±¿å¿_¿±¿_ªÜªöªæ¿Àª_,Department Store,170,24.66348507,46.70386111
4ead7c5f02d5cf33fa6f9014,¿Àª_ªÄª_¿_ | DIMOS,Furniture / Home Store,170,24.70289333,46.76945267
4d6fe31c0187236a34ada2ba,CUP&CINO Coffee House,Coffee Shop,166,24.71221822,46.67089004
5197bf24498ec577cf5bb723,¿Âªª_ª | Khafif,Restaurant,147,24.8200385,46.64271441
54b4275b498e143afedbd2ce,¿‚¿_ª_¿±ªÄ¿± | Shawarmer,Restaurant,147,24.80785435,46.73685391
554be02c498e01d1a1f779b6,Coffee Sultan | ¿_ªÜ¿à¿_ªæ ¿_ªÜªäªöª_¿©,Coffee Shop,143,24.7370505,46.57476153
51816e24498e208c8ca3f1bd,Whites pharmacy ¿µª_¿ÀªÜª_¿© ª_¿_ª_¿é¿_,Drugstore / Pharmacy,115,24.70643299,46.6884153
51829721498ef3589c3c04a5,Dairy Queen ¿Àª_¿±ª_ ªÛª_ª_ªæ,Resraurant,105,24.78106335,46.73037164
56004cce498ecbc155414db6,The Cr’épe Coffee Shop,Coffee Shop,103,24.73655853,46.57452151
5318cc05498e56c34b1ff045,¿_ªÜ¿‚ªÄ¿_ ª_ ¿_ªÜ¿±ªÄ¿_ªÜ ªÜªÜ¿å¿_¿_¿_¿_ ¿_ªÜªÄ¿Âª¿_¿© || sun & sand sports Factory outlet,Shop,96,24.71278594,46.67237539
526bc398498edc288cd3af17,ªÄ¿Âª_ªÄ ¿_ªÜ¿_¿±ªÛ¿_ªæ | AlHarkan Camp,Campground,88,25.050894,46.64782322
557eec98498e12f1467e576c,PAISANO'S CAF’_ |  ¿å¿_ª_¿_¿_ªæª_ ªÛ¿_ªª_ªö,Coffee Shop,85,24.73714061,46.57454975
561920ab498e0c5c48df227d,Helen's | ªöªªÜªªæ,Cupcake Shop,83,24.801695,46.603491
53b710ef498e3c01b54e7248,Cocozy Homes,Furniture / Home Store,79,24.69421082,46.68346271
4da5ec8a4b2280544b678da0,Baskin Robbins,Department Store,74,24.66372237,46.70373371
5229a4d38bbd9e033d6ef618,Boots pharmacy | ¿µª_¿ÀªÜª_¿© ¿åª_¿é¿_,Drugstore / Pharmacy,69,24.77952641,46.78871155
55a923d5498e3f6acc563a51,Wokx,Restaurant,64,24.76728391,46.71630048
4ed663742c5b3d826ea3dd7d,ZiMAS | ¿_ª_ªÄ¿_¿_,Shoe Store,61,24.71422452,46.6767091
50e1f196e4b0748c84074466,Food Court - Avenue Mall,Diner,57,24.66344193,46.70359216
5273c53111d2ec099a13fe9a,ªÄ¿Âª_ªÄ ¿_ªÜ¿_ªÛ¿±ª_¿éª_¿©,Nightclub,52,25.133233,46.597556
555f6da2498eb806fd973388,Madareem Compound,Hookah Bar,48,24.80423053,46.71539904
4ecfd1a06c2510ace0371373,Shoe Arena ¿‚ª_ ¿£¿±ª_ªæ¿_,Shoe Store,45,24.65997593,46.78308978
558e5ce5498e164a5cb27afc,ªÄ¿à¿_¿± ¿_ªÜªÄªÜªÛ ¿Â¿_ªÜ¿À - King Khalid Airport,Airport Terminal,21,24.7604827,46.70533801
55a8199d498e61367d215ad2,Fresh Market | ª¿±ª_¿‚ ªÄ¿_¿±ªÛ¿é,Coffee Shop,12,24.76840007,46.66096524